fdp_mx,fdp_cpi,power_mx,power_cpi
0.9988190836088805,0.0,1.0,1.0
0.99906191369606,0.0,0.8,1.0
0.9988420565076425,0.0,1.0,1.0
0.9988249118683902,0.0,1.0,1.0
0.9988179669030733,0.0,1.0,1.0
0.9988265665336775,0.0,1.0,1.0
0.9988179669030733,0.0,1.0,1.0
0.9988257397839361,0.0,1.0,1.0
0.9988344988344988,0.0,1.0,1.0
0.9988251879699248,0.0,1.0,1.0
