fdp_mx,fdp_cpi,power_mx,power_cpi
0.0,0.2857142857142857,1.0,1.0
0.0,0.0,1.0,1.0
0.16666666666666666,0.0,1.0,1.0
0.0,0.0,1.0,1.0
0.5454545454545454,0.0,1.0,1.0
0.0,0.375,1.0,1.0
0.0,0.0,1.0,1.0
0.16666666666666666,0.0,1.0,1.0
0.0,0.0,1.0,1.0
0.2857142857142857,0.0,1.0,1.0
