fdp_mx,fdp_cpi,fdp_cpi_lasso,power_mx,power_cpi,power_cpi_lasso
0.0,0.0,0.6,0.0,1.0,0.4
0.2,0.0,0.2,0.8,1.0,0.8
0.0,0.375,0.0,0.0,1.0,0.0
0.0,0.0,0.16666666666666666,0.0,1.0,1.0
0.0,0.0,0.0,0.0,1.0,0.0
0.5454545454545454,0.5454545454545454,0.0,1.0,1.0,0.0
0.2,0.375,0.0,0.8,1.0,0.0
0.5714285714285714,0.16666666666666666,0.0,0.6,1.0,0.0
0.2857142857142857,0.0,0.0,1.0,1.0,0.0
0.6,0.0,0.2,0.8,1.0,0.8
